{
	"name":"InstantaneousWaterHeater","methods":[
		{"name":"OperationStatus","epc":"0x80","size":"1","announce":"undefined","set":"undefined","get":"mandatory","doc":"This property indicates the ON/OFF status.<br><br>ON＝0x30，OFF＝0x31<br><br>Data Type : unsigned char<br>Data Size(Byte) : 1<br><br>AccessRule<br>Announce : undefined<br>Set : optional<br>Get : mandatory<br><br>Announcement at status change<br>"},
		{"name":"InstallationLocation","epc":"0x81","size":"1","announce":"undefined","set":"mandatory","get":"mandatory","doc":"This property indicates the installation location<br><br>See “2.2 ‘Installation location’ property.”<br><br>Data Type : unsigned char<br>Data Size(Byte) : 1<br><br>AccessRule<br>Announce : undefined<br>Set : mandatory<br>Get : mandatory<br><br>Announcement at status change<br>"},
		{"name":"StandardVersionInformation","epc":"0x82","size":"4","announce":"undefined","set":"undefined","get":"mandatory","doc":"This property indicates the version number of the corresponding standard.<br><br>First byte: Fixed at 0x00 (for future reserved). <br>Second byte: Fixed at 0x00 (for future reserved). <br>Third byte: Indicates the order of release in the ASCII format. <br>Fourth byte: Fixed at 0x00 (for future reserved).<br><br>Data Type : unsigned char×4<br>Data Size(Byte) : 4<br><br>AccessRule<br>Announce : undefined<br>Set : undefined<br>Get : mandatory<br>"},
		{"name":"IdentificationNumber","epc":"0x83","size":"9or17","announce":"undefined","set":"undefined","get":"optional","doc":"A number that allows each object to be uniquely identified.<br><br>First byte: lower-layer communication ID field<br>0x01－0xFD：This is a communication protocol used in the lower-layer communication and is set arbitrarily according to the protocol class in the case where unique number is assigned (not used in ECHONET Lite).<br>0x11－0x1F: Power line Communication Protocol A and B systems<br>0x31-0x3F: Designated low-powor radio<br>0x41-0x4F: Extended HBS<br>0x51-0x5F: IrDA<br>0x61-0x6F: LonTalk®<br>0x71-0x7F: BlueTooth<br>0x81-0x8F: Ethernet<br>0x91-0x9F: IEEE802.11/11B<br>0xA1: Power line Communication Protocol C systems<br>0xB2：IPv6/6LoWPAN<br>0xFE：2－17 bytes are defined by the manufacturer, and are set according to the type.<br>0xFF：2－9 bytes are defined when randomly generated protocol is used in the lower-layer communication.<br>0x00：Identification number is not set.<br>Second and succeeding bytes: unique number field<br><br>Data Type : unsigned char<br>Data Size(Byte) : 9 or 17<br><br>AccessRule<br>Announce : undefined<br>Set : undefined<br>Get : optional<br>"},
		{"name":"MeasuredInstantaneousPowerConsumption","epc":"0x84","size":"2","announce":"undefined","set":"undefined","get":"optional","doc":"This property indicates the instantaneous power consumption of the device in watts.<br><br>0x0000-0xFFFF（0-65535W）<br><br>Data Type : unsigned short<br>Data Size(Byte) : 2<br><br>AccessRule<br>Announce : undefined<br>Set : undefined<br>Get : optional<br>"},
		{"name":"MeasuredCumulativePowerConsumption","epc":"0x85","size":"4","announce":"undefined","set":"undefined","get":"optional","doc":"This property indicates the cumulative power consumption of the device in increments of 0.001kWh.<br><br>0x0-0x3B9AC9FF（0-999,999.999kWh）<br><br>Data Type : unsigned long<br>Data Size(Byte) : 4<br><br>AccessRule<br>Announce : undefined<br>Set : undefined<br>Get : optional<br>"},
		{"name":"ManufacturersFaultCode","epc":"0x86","size":"Max225","announce":"undefined","set":"undefined","get":"optional","doc":"This property indicates the manufacturer-defined fault code.<br><br>First byte: Indicates the data size of the fault code field.<br>Second to fourth bytes: Manufacturer code<br>Fifth and succeeding bytes: Field for manufacturer-defined fault code<br><br>Data Type : unsigned char×(MAX)225<br>Data Size(Byte) : Max 225<br><br>AccessRule<br>Announce : undefined<br>Set : undefined<br>Get : optional<br>"},
		{"name":"CurrentLimitSetting","epc":"0x87","size":"1","announce":"undefined","set":"optional","get":"optional","doc":"This property indicates the current limit setting (0-100%).<br>0x00-0x64 （=0-100%）<br><br>Data Type : unsigned char<br>Data Size(Byte) : 1<br><br>AccessRule<br>Announce : undefined<br>Set : optional<br>Get : optional<br>"},
		{"name":"FaultStatus","epc":"0x88","size":"1","announce":"undefined","set":"undefined","get":"mandatory","doc":"This property indicates whether a fault (e.g. a sensor trouble) has occurred or not.<br><br>Fault occurred＝0x41, No fault has occurred＝0x42<br><br>Data Type : unsigned char<br>Data Size(Byte) : 1<br><br>AccessRule<br>Announce : undefined<br>Set : undefined<br>Get : mandatory<br><br>Announcement at status change<br>"},
		{"name":"FaultDescription","epc":"0x89","size":"2","announce":"undefined","set":"undefined","get":"optional","doc":"Describes the fault.<br><br>See “2.5 ‘Fault Description’ Property.”<br><br>Data Type : unsigned short<br>Data Size(Byte) : 2<br><br>AccessRule<br>Announce : undefined<br>Set : undefined<br>Get : optional<br>"},
		{"name":"ManufacturerCode","epc":"0x8A","size":"3","announce":"undefined","set":"undefined","get":"mandatory","doc":"3-byte manufacturer code<br><br>(Defined by the ECHONET Consortium.)<br><br>Data Type : unsigned char×3<br>Data Size(Byte) : 3<br><br>AccessRule<br>Announce : undefined<br>Set : undefined<br>Get : mandatory<br>"},
		{"name":"￼￼￼￼￼￼￼￼￼￼￼￼BusinessFacilityCode","epc":"0x8B","size":"3","announce":"undefined","set":"undefined","get":"optional","doc":"3-byte business facility code<br><br>（Defined by each manufacturer.）<br><br>Data Type : unsigned char×3<br>Data Size(Byte) : 3<br><br>AccessRule<br>Announce : undefined<br>Set : undefined<br>Get : optional<br>"},
		{"name":"ProductCode","epc":"0x8C","size":"12","announce":"undefined","set":"undefined","get":"optional","doc":"Identifies the product usingASCI I code.<br>（Defined by each manufacturer.）<br><br>Data Type : unsigned char×12<br>Data Size(Byte) : 12<br><br>AccessRule<br>Announce : undefined<br>Set : undefined<br>Get : optional<br>"},
		{"name":"ProductionNumber","epc":"0x8D","size":"12","announce":"undefined","set":"undefined","get":"optional","doc":"This property indicates the production number using ASCI I code.<br><br>（Defined by each manufacturer.）<br><br>Data Type : unsigned char×12<br>Data Size(Byte) : 12<br><br>AccessRule<br>Announce : undefined<br>Set : undefined<br>Get : optional<br>"},
		{"name":"ProductionDate","epc":"0x8E","size":"4","announce":"undefined","set":"undefined","get":"optional","doc":"4-byte production date code<br><br>This property indicates the product ion date in the YYMD format (1 character = 1 byte) .<br>YY： Year (e.g. 1999＝ 0x07CF)<br>M： Month (e.g. December＝0x0C)<br>D： Day (e.g. 20th＝ 0x14)<br><br>Data Type : unsigned char×4<br>Data Size(Byte) : 4<br><br>AccessRule<br>Announce : undefined<br>Set : undefined<br>Get : optional<br>"},
		{"name":"PowerSavingOperationSetting","epc":"0x8F","size":"1","announce":"undefined","set":"optional","get":"optional","doc":"This property indicates whether the device is operating in power-saving mode.<br><br>Operating in power-saving mode =0x41<br>Operating in normal operation mode =0x42<br><br>Data Type : unsigned char<br>Data Size(Byte) : 1<br><br>AccessRule<br>Announce : undefined<br>Set : optional<br>Get : optional<br>"},
		{"name":"PositionInformation","epc":"0x93","size":"16","announce":"undefined","set":"optional","get":"optional","doc":"This property indicates the latitude, longitude and altitude of the installation location.<br><br>Data Type : unsigned char×16<br>Data Size(Byte) : 16<br><br>AccessRule<br>Announce : undefined<br>Set : optional<br>Get : optional<br><br>Announcement at status change<br>"},
		{"name":"CurrentTimeSetting","epc":"0x97","size":"2","announce":"undefined","set":"optional","get":"optional","doc":"Current time (HH：MM format)<br><br>0x00-0x17：0x00-0x3B（ ＝ 0-23）：（ ＝ 0-59）<br><br>Data Type : unsigned char×2<br>Data Size(Byte) : 2<br><br>AccessRule<br>Announce : undefined<br>Set : optional<br>Get : optional<br>"},
		{"name":"CurrentDateSetting","epc":"0x98","size":"4","announce":"undefined","set":"optional","get":"optional","doc":"Current date (YYYY：MM：DD format)<br><br>1 ～ 0x270F ： 1 ～ 0x0C ： 1 ～ 0x1F (=1 ～ 9999) ： (=1 ～ 12) ： (=1 ～ 31)<br><br>Data Type : unsigned char×4<br>Data Size(Byte) : 4<br><br>AccessRule<br>Announce : undefined<br>Set : optional<br>Get : optional<br>"},
		{"name":"PowerLimitSetting","epc":"0x99","size":"2","announce":"undefined","set":"optional","get":"optional","doc":"This property indicates the power limit setting in watts.<br><br>0x0000~0xFFFF（0-65535W）<br><br>Data Type : unsigned short<br>Data Size(Byte) : 2<br><br>AccessRule<br>Announce : undefined<br>Set : optional<br>Get : optional<br>"},
		{"name":"CumulativeOperatingTime","epc":"0x9A","size":"5","announce":"undefined","set":"undefined","get":"optional","doc":"This property indicates the cumulative number of days, hours, minutes or seconds for which the device has operated, using 1 byte for the unit and 4 bytes for the time.<br><br>First byte: Indicates the unit.<br>Second： 0x41; Minute： 0x42; Hour： 0x43; Day:0x44<br>Second to fifth bytes ：<br>Indicates the elapsed time in the unit specified by the first byte. 0x00000000-0xFFFFFFFF (0-4294967295)<br><br>Data Type : unsigned char + unsigned long<br>Data Size(Byte) : 1+4 Byte<br><br>AccessRule<br>Announce : undefined<br>Set : undefined<br>Get : optional<br>"},
		{"name":"StatusChangeAnnouncementPropertyMap","epc":"0x9D","size":"Max17","announce":"undefined","set":"undefined","get":"mandatory","doc":"See Appendix 1.<br><br>Data Type : unsigned char×(MAX17)<br>Data Size(Byte) : Max.17<br><br>AccessRule<br>Announce : undefined<br>Set : undefined<br>Get : mandatory<br>"},
		{"name":"SetPropertyMap","epc":"0x9E","size":"Max17","announce":"undefined","set":"undefined","get":"mandatory","doc":"See Appendix 1.<br><br>Data Type : unsigned char×(MAX17)<br>Data Size(Byte) : Max.17<br><br>AccessRule<br>Announce : undefined<br>Set : undefined<br>Get : mandatory<br>"},
		{"name":"GetPropertyMap","epc":"0x9F","size":"Max17","announce":"undefined","set":"undefined","get":"mandatory","doc":"See Appendix 1.<br><br>Data Type : unsigned char×(MAX17)<br>Data Size(Byte) : Max.17<br><br>AccessRule<br>Announce : undefined<br>Set : undefined<br>Get : mandatory<br>"},
		{"name":"HotWaterHeatingStatus","epc":"0xD0","size":"1","announce":"undefined","set":"undefined","get":"mandatory","doc":"This property indicates hot water heating status.<br><br>Hot water heating status found = 0x41 Hot water heating status not found = 0x42<br><br>Name : Hot water heating status<br>EPC : 0xD0<br>Data Type : unsigned char<br>Data Size(Byte) : 1 byte<br><br>AccessRule<br>Announce : undefined<br>Set : undefined<br>Get : mandatory<br>"},
		{"name":"SetValueOfHotWaterTemperature","epc":"0xD1","size":"1","announce":"undefined","set":"optional","get":"optional","doc":"This property indicates set value of hot water temperature in .C.<br><br>0x00.0x64 (0.100)<br><br>Name : Set value of hot water temperature<br>EPC : 0xD1<br>Data Type : unsigned char<br>Data Size(Byte) : 1 byte<br><br>AccessRule<br>Announce : undefined<br>Set : optional<br>Get : optional<br>"},
		{"name":"HotWaterWarmerSetting","epc":"0xD2","size":"1","announce":"undefined","set":"optional","get":"optional","doc":"Hot water warmer setting<br><br>Hot water warmer operation = 0x41 Hot water warmer operation resetting = 0x42<br><br>Name : Hot water Warmer setting<br>EPC : 0xD2<br>Data Type : unsigned char<br>Data Size(Byte) : 1 byte<br><br>AccessRule<br>Announce : undefined<br>Set : optional<br>Get : optional<br>"},
		{"name":"GdurationOfAutomaticOperationHSetting","epc":"0xDA","size":"2","announce":"undefined","set":"optional","get":"optional","doc":"Timer value (HH:MM)<br><br>0 to 0x17: 0 to 0x3B (= 0 to 23): (= 0 to 59) Limitless: 0xFFFF<br><br>Name :  gDuration of automatic operation h setting<br>EPC : 0xDA<br>Data Type : unsigned char x 2<br>Data Size(Byte) : 2 bytes<br><br>AccessRule<br>Announce : undefined<br>Set : optional<br>Get : optional<br>"},
		{"name":"RemainingAutomaticOperationTime","epc":"0xDB","size":"2","announce":"undefined","set":"undefined","get":"optional","doc":"Timer value (HH:MM)<br><br>0 to 0x17: 0 to 0x3B (= 0 to 23): (= 0 to 59) Infinite: 0xFFFF<br><br>Name : Remaining automatic operation time<br>EPC : 0xDB<br>Data Type : unsigned char x 2<br>Data Size(Byte) : 2 bytes<br><br>AccessRule<br>Announce : undefined<br>Set : undefined<br>Get : optional<br>"},
		{"name":"SetValueOfBathTemperature","epc":"0xE1","size":"1","announce":"undefined","set":"optional","get":"optional","doc":"This property indicates set value of bath temperature in .C.<br><br>0x00.0x64 (0.100)<br><br>Name : Set value of bath temperature<br>EPC : 0xE1<br>Data Type : unsigned char<br>Data Size(Byte) : 1 byte<br><br>AccessRule<br>Announce : undefined<br>Set : optional<br>Get : optional<br>"},
		{"name":"BathWaterHeaterStatus","epc":"0xE2","size":"1","announce":"undefined","set":"undefined","get":"mandatory","doc":"This property indicates whether or not the bath water heater is heating bath water.<br><br>Heating = 0x41 Not heating = 0x42<br><br>Name : Bath water heater status<br>EPC : 0xE2<br>Data Type : unsigned char<br>Data Size(Byte) : 1 byte<br><br>AccessRule<br>Announce : undefined<br>Set : undefined<br>Get : mandatory<br>"},
		{"name":"BathAutoModeSetting","epc":"0xE3","size":"1","announce":"undefined","set":"optional","get":"optional","doc":"Bath auto mode ON/OFF<br><br>Auto ON = 0x41 Auto OFF = 0x42<br><br>Name : Bath auto mode setting<br>EPC : 0xE3<br>Data Type : unsigned char<br>Data Size(Byte) : 1 byte<br><br>AccessRule<br>Announce : undefined<br>Set : optional<br>Get : optional<br>"},
		{"name":"BathAdditionalBoilUpOperationSetting","epc":"0xE4","size":"1","announce":"undefined","set":"optional","get":"optional","doc":"Additional boil-up ON/OFF<br><br>Additional boil-up ON = 0x41 Additional boil-up OFF = 0x42<br><br>Name : Bath additional boil-up operation setting<br>EPC : 0xE4<br>Data Type : unsigned char<br>Data Size(Byte) : 1 byte<br><br>AccessRule<br>Announce : undefined<br>Set : optional<br>Get : optional<br>"},
		{"name":"BathHotWaterAddingOperationSetting","epc":"0xE5","size":"1","announce":"undefined","set":"optional","get":"optional","doc":"Hot water addition ON/OFF<br><br>Hot water addition ON = 0x41 Hot water addition OFF = 0x42<br><br>Name : Bath hot water adding operation setting<br>EPC : 0xE5<br>Data Type : unsigned<br>Data Size(Byte) : 1 byte<br><br>AccessRule<br>Announce : undefined<br>Set : optional<br>Get : optional<br>"},
		{"name":"BathWaterTemperatureLoweringOperationSetting","epc":"0xE6","size":"1","announce":"undefined","set":"optional","get":"optional","doc":"Hot water temperature lowering ON/OFF<br><br>Hot water temperature lowering ON = 0x41 Hot water temperature lowering OFF = 0x42<br><br>Name : Bath water temperature lowering operation setting<br>EPC : 0xE6<br>Data Type : unsigned char<br>Data Size(Byte) : 1 byte<br><br>AccessRule<br>Announce : undefined<br>Set : optional<br>Get : optional<br>"},
		{"name":"BathHotWaterVolumeSetting1","epc":"0xE7","size":"1","announce":"undefined","set":"optional","get":"optional","doc":"This property indicates bath hot water volume in liters.<br><br>0x00.0xFD (0 to 253 liters)<br><br>Name : Bath hot water volume setting 1<br>EPC : 0xE7<br>Data Type : unsigned char<br>Data Size(Byte) : 1 byte<br><br>AccessRule<br>Announce : undefined<br>Set : optional<br>Get : optional<br>"},
		{"name":"BathHotWaterVolumeSetting2","epc":"0xE8","size":"1","announce":"undefined","set":"optional","get":"optional","doc":"Specifies bath hot water volume (8-step).<br><br>0x31.0x38<br><br>Name : Bath hot water volume setting 2<br>EPC : 0xE8<br>Data Type : unsigned char<br>Data Size(Byte) : 1 byte<br><br>AccessRule<br>Announce : undefined<br>Set : optional<br>Get : optional<br>"},
		{"name":"BathHotWaterVolumeSetting3","epc":"0xEE","size":"2","announce":"undefined","set":"optional","get":"optional","doc":"This property indicates bath hot water volume in liters.<br><br>0x0000.0xFFFD (0 to 65533 liters)<br><br>Name : Bath hot water volume setting 3<br>EPC : 0xEE<br>Data Type : unsigned short<br>Data Size(Byte) : 2 bytes<br><br>AccessRule<br>Announce : undefined<br>Set : optional<br>Get : optional<br>"},
		{"name":"BathroomPrioritySetting","epc":"0xE9","size":"1","announce":"undefined","set":"optional","get":"optional","doc":"Bathroom priority ON/OFF<br><br>Bathroom priority ON = 0x41, bathroom priority OFF = 0x42<br><br>Name : Bathroom priority setting<br>EPC : 0xE9<br>Data Type : unsigned char<br>Data Size(Byte) : 1 byte<br><br>AccessRule<br>Announce : undefined<br>Set : optional<br>Get : optional<br>"},
		{"name":"ShowerHotWaterSupplyStatus","epc":"0xEA","size":"1","announce":"undefined","set":"undefined","get":"optional","doc":"Shower hot water supply ON/OFF<br><br>Shower hot water supply ON = 0x41 Shower hot water supply OFF = 0x42<br><br>Name : Shower hot water supply status<br>EPC : 0xEA<br>Data Type : unsigned char<br>Data Size(Byte) : 1 byte<br><br>AccessRule<br>Announce : undefined<br>Set : undefined<br>Get : optional<br>"},
		{"name":"KitchenHotWaterSupplyStatus","epc":"0xEB","size":"1","announce":"undefined","set":"undefined","get":"optional","doc":"Kitchen hot water supply ON/OFF<br><br>Kitchen hot water supply ON = 0x41 kitchen hot water supply OFF = 0x42<br><br>Name : Kitchen hot water supply status<br>EPC : 0xEB<br>Data Type : unsigned char<br>Data Size(Byte) : 1 byte<br><br>AccessRule<br>Announce : undefined<br>Set : undefined<br>Get : optional<br>"},
		{"name":"HotWaterWarmerOnTimerReservationSetting","epc":"0xEC","size":"1","announce":"undefined","set":"optional","get":"optional","doc":"Reservation ON/OFF<br><br>Reservation ON = 0x41, reservation OFF = 0x42<br><br>Name : Hot water warmer ON timer reservation setting<br>EPC : 0xEC<br>Data Type : unsigned char<br>Data Size(Byte) : 1 byte<br><br>AccessRule<br>Announce : undefined<br>Set : optional<br>Get : optional<br>"},
		{"name":"SetValueOfHotWaterWarmerOnTimerTime","epc":"0xED","size":"2","announce":"undefined","set":"optional","get":"optional","doc":"Timer value (HH:MM)<br><br>0.0x17: 0.0x3B (= 0.23):(= 0.59)<br><br>Name : Set value of hot water warmer ON timer time<br>EPC : 0xED<br>Data Type : unsigned char x 2<br>Data Size(Byte) : 2 bytes<br><br>AccessRule<br>Announce : undefined<br>Set : optional<br>Get : optional<br>"},
		{"name":"OnTimerReservationSetting","epc":"0x90","size":"1","announce":"undefined","set":"optional","get":"optional","doc":"Reservation ON/Reservation OFF<br><br>Reservation ON = 0x41 Reservation OFF = 0x42<br><br>Name : ON timer reservation setting<br>EPC : 0x90<br>Data Type : unsigned char<br>Data Size(Byte) : 1 byte<br><br>AccessRule<br>Announce : undefined<br>Set : optional<br>Get : optional<br>"},
		{"name":"SetValueOfOnTimerTime","epc":"0x91","size":"2","announce":"undefined","set":"optional","get":"optional","doc":"Timer value (HH:MM)<br><br>0.0x17: 0.0x3B (= 0.23):(= 0.59)<br><br>Name : Set value of ON timer time<br>EPC : 0x91<br>Data Type : unsigned char x 2<br>Data Size(Byte) : 2 bytes<br><br>AccessRule<br>Announce : undefined<br>Set : optional<br>Get : optional<br>"},
		{"name":"SetValueOfOnTimerRelativeTime","epc":"0x92","size":"2","announce":"undefined","set":"optional","get":"optional","doc":"Timer value (HH:MM)<br><br>0.0x17: 0.0x3B (= 0.23):(= 0.59)<br><br>Name : Set value of ON timer relative time<br>EPC : 0x92<br>Data Type : unsigned char x 2<br>Data Size(Byte) : 2 bytes<br><br>AccessRule<br>Announce : undefined<br>Set : optional<br>Get : optional<br>"}
	]
}