{
	"name":"WasherAndDryer","methods":[
		{"name":"OperationStatus","epc":"0x80","size":"1","announce":"undefined","set":"undefined","get":"mandatory","doc":"This property indicates the ON/OFF status.<br><br>ON＝0x30，OFF＝0x31<br><br>Data Type : unsigned char<br>Data Size(Byte) : 1<br><br>AccessRule<br>Announce : undefined<br>Set : optional<br>Get : mandatory<br><br>Announcement at status change<br>"},
		{"name":"InstallationLocation","epc":"0x81","size":"1","announce":"undefined","set":"mandatory","get":"mandatory","doc":"This property indicates the installation location<br><br>See “2.2 ‘Installation location’ property.”<br><br>Data Type : unsigned char<br>Data Size(Byte) : 1<br><br>AccessRule<br>Announce : undefined<br>Set : mandatory<br>Get : mandatory<br><br>Announcement at status change<br>"},
		{"name":"StandardVersionInformation","epc":"0x82","size":"4","announce":"undefined","set":"undefined","get":"mandatory","doc":"This property indicates the version number of the corresponding standard.<br><br>First byte: Fixed at 0x00 (for future reserved). <br>Second byte: Fixed at 0x00 (for future reserved). <br>Third byte: Indicates the order of release in the ASCII format. <br>Fourth byte: Fixed at 0x00 (for future reserved).<br><br>Data Type : unsigned char×4<br>Data Size(Byte) : 4<br><br>AccessRule<br>Announce : undefined<br>Set : undefined<br>Get : mandatory<br>"},
		{"name":"IdentificationNumber","epc":"0x83","size":"9or17","announce":"undefined","set":"undefined","get":"optional","doc":"A number that allows each object to be uniquely identified.<br><br>First byte: lower-layer communication ID field<br>0x01－0xFD：This is a communication protocol used in the lower-layer communication and is set arbitrarily according to the protocol class in the case where unique number is assigned (not used in ECHONET Lite).<br>0x11－0x1F: Power line Communication Protocol A and B systems<br>0x31-0x3F: Designated low-powor radio<br>0x41-0x4F: Extended HBS<br>0x51-0x5F: IrDA<br>0x61-0x6F: LonTalk®<br>0x71-0x7F: BlueTooth<br>0x81-0x8F: Ethernet<br>0x91-0x9F: IEEE802.11/11B<br>0xA1: Power line Communication Protocol C systems<br>0xB2：IPv6/6LoWPAN<br>0xFE：2－17 bytes are defined by the manufacturer, and are set according to the type.<br>0xFF：2－9 bytes are defined when randomly generated protocol is used in the lower-layer communication.<br>0x00：Identification number is not set.<br>Second and succeeding bytes: unique number field<br><br>Data Type : unsigned char<br>Data Size(Byte) : 9 or 17<br><br>AccessRule<br>Announce : undefined<br>Set : undefined<br>Get : optional<br>"},
		{"name":"MeasuredInstantaneousPowerConsumption","epc":"0x84","size":"2","announce":"undefined","set":"undefined","get":"optional","doc":"This property indicates the instantaneous power consumption of the device in watts.<br><br>0x0000-0xFFFF（0-65535W）<br><br>Data Type : unsigned short<br>Data Size(Byte) : 2<br><br>AccessRule<br>Announce : undefined<br>Set : undefined<br>Get : optional<br>"},
		{"name":"MeasuredCumulativePowerConsumption","epc":"0x85","size":"4","announce":"undefined","set":"undefined","get":"optional","doc":"This property indicates the cumulative power consumption of the device in increments of 0.001kWh.<br><br>0x0-0x3B9AC9FF（0-999,999.999kWh）<br><br>Data Type : unsigned long<br>Data Size(Byte) : 4<br><br>AccessRule<br>Announce : undefined<br>Set : undefined<br>Get : optional<br>"},
		{"name":"ManufacturersFaultCode","epc":"0x86","size":"Max225","announce":"undefined","set":"undefined","get":"optional","doc":"This property indicates the manufacturer-defined fault code.<br><br>First byte: Indicates the data size of the fault code field.<br>Second to fourth bytes: Manufacturer code<br>Fifth and succeeding bytes: Field for manufacturer-defined fault code<br><br>Data Type : unsigned char×(MAX)225<br>Data Size(Byte) : Max 225<br><br>AccessRule<br>Announce : undefined<br>Set : undefined<br>Get : optional<br>"},
		{"name":"CurrentLimitSetting","epc":"0x87","size":"1","announce":"undefined","set":"optional","get":"optional","doc":"This property indicates the current limit setting (0-100%).<br>0x00-0x64 （=0-100%）<br><br>Data Type : unsigned char<br>Data Size(Byte) : 1<br><br>AccessRule<br>Announce : undefined<br>Set : optional<br>Get : optional<br>"},
		{"name":"FaultStatus","epc":"0x88","size":"1","announce":"undefined","set":"undefined","get":"mandatory","doc":"This property indicates whether a fault (e.g. a sensor trouble) has occurred or not.<br><br>Fault occurred＝0x41, No fault has occurred＝0x42<br><br>Data Type : unsigned char<br>Data Size(Byte) : 1<br><br>AccessRule<br>Announce : undefined<br>Set : undefined<br>Get : mandatory<br><br>Announcement at status change<br>"},
		{"name":"FaultDescription","epc":"0x89","size":"2","announce":"undefined","set":"undefined","get":"optional","doc":"Describes the fault.<br><br>See “2.5 ‘Fault Description’ Property.”<br><br>Data Type : unsigned short<br>Data Size(Byte) : 2<br><br>AccessRule<br>Announce : undefined<br>Set : undefined<br>Get : optional<br>"},
		{"name":"ManufacturerCode","epc":"0x8A","size":"3","announce":"undefined","set":"undefined","get":"mandatory","doc":"3-byte manufacturer code<br><br>(Defined by the ECHONET Consortium.)<br><br>Data Type : unsigned char×3<br>Data Size(Byte) : 3<br><br>AccessRule<br>Announce : undefined<br>Set : undefined<br>Get : mandatory<br>"},
		{"name":"￼￼￼￼￼￼￼￼￼￼￼￼BusinessFacilityCode","epc":"0x8B","size":"3","announce":"undefined","set":"undefined","get":"optional","doc":"3-byte business facility code<br><br>（Defined by each manufacturer.）<br><br>Data Type : unsigned char×3<br>Data Size(Byte) : 3<br><br>AccessRule<br>Announce : undefined<br>Set : undefined<br>Get : optional<br>"},
		{"name":"ProductCode","epc":"0x8C","size":"12","announce":"undefined","set":"undefined","get":"optional","doc":"Identifies the product usingASCI I code.<br>（Defined by each manufacturer.）<br><br>Data Type : unsigned char×12<br>Data Size(Byte) : 12<br><br>AccessRule<br>Announce : undefined<br>Set : undefined<br>Get : optional<br>"},
		{"name":"ProductionNumber","epc":"0x8D","size":"12","announce":"undefined","set":"undefined","get":"optional","doc":"This property indicates the production number using ASCI I code.<br><br>（Defined by each manufacturer.）<br><br>Data Type : unsigned char×12<br>Data Size(Byte) : 12<br><br>AccessRule<br>Announce : undefined<br>Set : undefined<br>Get : optional<br>"},
		{"name":"ProductionDate","epc":"0x8E","size":"4","announce":"undefined","set":"undefined","get":"optional","doc":"4-byte production date code<br><br>This property indicates the product ion date in the YYMD format (1 character = 1 byte) .<br>YY： Year (e.g. 1999＝ 0x07CF)<br>M： Month (e.g. December＝0x0C)<br>D： Day (e.g. 20th＝ 0x14)<br><br>Data Type : unsigned char×4<br>Data Size(Byte) : 4<br><br>AccessRule<br>Announce : undefined<br>Set : undefined<br>Get : optional<br>"},
		{"name":"PowerSavingOperationSetting","epc":"0x8F","size":"1","announce":"undefined","set":"optional","get":"optional","doc":"This property indicates whether the device is operating in power-saving mode.<br><br>Operating in power-saving mode =0x41<br>Operating in normal operation mode =0x42<br><br>Data Type : unsigned char<br>Data Size(Byte) : 1<br><br>AccessRule<br>Announce : undefined<br>Set : optional<br>Get : optional<br>"},
		{"name":"PositionInformation","epc":"0x93","size":"16","announce":"undefined","set":"optional","get":"optional","doc":"This property indicates the latitude, longitude and altitude of the installation location.<br><br>Data Type : unsigned char×16<br>Data Size(Byte) : 16<br><br>AccessRule<br>Announce : undefined<br>Set : optional<br>Get : optional<br><br>Announcement at status change<br>"},
		{"name":"CurrentTimeSetting","epc":"0x97","size":"2","announce":"undefined","set":"optional","get":"optional","doc":"Current time (HH：MM format)<br><br>0x00-0x17：0x00-0x3B（ ＝ 0-23）：（ ＝ 0-59）<br><br>Data Type : unsigned char×2<br>Data Size(Byte) : 2<br><br>AccessRule<br>Announce : undefined<br>Set : optional<br>Get : optional<br>"},
		{"name":"CurrentDateSetting","epc":"0x98","size":"4","announce":"undefined","set":"optional","get":"optional","doc":"Current date (YYYY：MM：DD format)<br><br>1 ～ 0x270F ： 1 ～ 0x0C ： 1 ～ 0x1F (=1 ～ 9999) ： (=1 ～ 12) ： (=1 ～ 31)<br><br>Data Type : unsigned char×4<br>Data Size(Byte) : 4<br><br>AccessRule<br>Announce : undefined<br>Set : optional<br>Get : optional<br>"},
		{"name":"PowerLimitSetting","epc":"0x99","size":"2","announce":"undefined","set":"optional","get":"optional","doc":"This property indicates the power limit setting in watts.<br><br>0x0000~0xFFFF（0-65535W）<br><br>Data Type : unsigned short<br>Data Size(Byte) : 2<br><br>AccessRule<br>Announce : undefined<br>Set : optional<br>Get : optional<br>"},
		{"name":"CumulativeOperatingTime","epc":"0x9A","size":"5","announce":"undefined","set":"undefined","get":"optional","doc":"This property indicates the cumulative number of days, hours, minutes or seconds for which the device has operated, using 1 byte for the unit and 4 bytes for the time.<br><br>First byte: Indicates the unit.<br>Second： 0x41; Minute： 0x42; Hour： 0x43; Day:0x44<br>Second to fifth bytes ：<br>Indicates the elapsed time in the unit specified by the first byte. 0x00000000-0xFFFFFFFF (0-4294967295)<br><br>Data Type : unsigned char + unsigned long<br>Data Size(Byte) : 1+4 Byte<br><br>AccessRule<br>Announce : undefined<br>Set : undefined<br>Get : optional<br>"},
		{"name":"StatusChangeAnnouncementPropertyMap","epc":"0x9D","size":"Max17","announce":"undefined","set":"undefined","get":"mandatory","doc":"See Appendix 1.<br><br>Data Type : unsigned char×(MAX17)<br>Data Size(Byte) : Max.17<br><br>AccessRule<br>Announce : undefined<br>Set : undefined<br>Get : mandatory<br>"},
		{"name":"SetPropertyMap","epc":"0x9E","size":"Max17","announce":"undefined","set":"undefined","get":"mandatory","doc":"See Appendix 1.<br><br>Data Type : unsigned char×(MAX17)<br>Data Size(Byte) : Max.17<br><br>AccessRule<br>Announce : undefined<br>Set : undefined<br>Get : mandatory<br>"},
		{"name":"GetPropertyMap","epc":"0x9F","size":"Max17","announce":"undefined","set":"undefined","get":"mandatory","doc":"See Appendix 1.<br><br>Data Type : unsigned char×(MAX17)<br>Data Size(Byte) : Max.17<br><br>AccessRule<br>Announce : undefined<br>Set : undefined<br>Get : mandatory<br>"},
		{"name":"DoorCoverOpenCloseStatus","epc":"0xB0","size":"1","announce":"undefined","set":"undefined","get":"optional","doc":"Used to acquire the status of the door/cover (i.e. open or closed).<br><br>Door/cover open = 0x41 Door/cover closed = 0x42<br><br>Name : Door/cover open/close status<br>EPC : 0xB0<br>Data Type : unsigned char<br>Data Size(Byte) : 1 byte<br><br>AccessRule<br>Announce : undefined<br>Set : undefined<br>Get : optional<br>"},
		{"name":"WasherAndDryerSetting","epc":"0xB2","size":"1","announce":"undefined","set":"optional","get":"optional","doc":"Used to specify whether to start or stop the washing, drying or washing and drying cycle, and to acquire the current status.<br><br>Start/restart(ed) or in progress = 0x41 Suspend(ed) = 0x42 Stop(ped) = 0x43<br><br>Name : Washer and dryer setting<br>EPC : 0xB2<br>Data Type : unsigned char<br>Data Size(Byte) : 1 byte<br><br>AccessRule<br>Announce : undefined<br>Set : optional<br>Get : optional<br>"},
		{"name":"WasherAndDryerCycleSetting1Note1","epc":"0xD0","size":"1","announce":"undefined","set":"optional","get":"optional","doc":"Used to specify the washer and dryer cycle option(s) to use in the  gwashing and drying, h  gwashing h or  gdrying h mode and to acquire the current setting(s). The value ranges shall be as follows: Washing and drying couse: 0x21 to 0x3F Washing and drying cource maker original code: 0x40 to 0x4F Washing cource: 0x61 to 0x7F Washing cource maker original code: 0x80 to 0x8F Drying cource: 0xA1 to 0xBF Drying cource maker original code: 0xC0 to 0xDF<br><br><Washing and drying cource> Standard = 0x21, silent = 0x22, heavily soiled clothes = 0x23, hard-to-remove stains = 0x24, presoaking = 0x25, blankets = 0x26, soft = 0x27, dry = 0x28, clean rinsing = 0x29, ironing/business shirts = 0x2A, hang drying = 0x2B, thick clothes = 0x2C, disinfection = 0x2D, oil stains = 0x2E, memory = 0x2F, detergent saving = 0x30, lightly soiled clothes = 0x31, quick wash of small amount of laundry = 0x32 Washing cource / maker original cource = 0x40 to 0x4F <Washing cource> Standard = 0x61, silent = 0x62, heavily soiled clothes = 0x63, hard-to-remove stains = 0x64, presoaking = 0x65, blankets = 0x66, soft = 0x67, dry = 0x68, clean rinsing = 0x69, disinfection = 0x6A, oil stains = 0x6B, memory = 0x6C, detergent saving = 0x6D, lightly soiled clothes = 0x6E, quick wash of small amount of laundry = 0x6F, tank cleaning = 0x7F Washing cource / maker original cource = 0x80 to 0x8F <Drying cource> Standard = 0xA1, blankets = 0xA2, soft = 0xA3, dry = 0xA4, ironing/business shirts = 0xA5, hang drying = 0xA6, thick clothes = 0xA7, disinfection = 0xA8, shrinkage minimization = 0xA9, finishing = 0xAA, stationary drying = 0xAB, user definition of drying time = 0xAC, garment warming = 0xAD, tank drying = 0xBF Drying cource / maker original cource = 0xC0 to 0xCF<br><br>Name : Washer and dryer cycle setting 1 (Note 1)<br>EPC : 0xD0<br>Data Type : unsigned char<br>Data Size(Byte) : 1 byte<br><br>AccessRule<br>Announce : undefined<br>Set : optional<br>Get : optional<br>"},
		{"name":"WasherAndDryerCycleSetting2Note1","epc":"0xD1","size":"1","announce":"undefined","set":"optional","get":"optional","doc":"Used to specify the washer and dryer cycle option(s) to use in the  gwashing and drying h mode, and to acquire the current setting(s). The drying option(s) to use shall be specified with the  gdrying cycle setting h property (EPC = 0xD2). Maker original code = 0xE0 to 0xEF<br><br>No washing = 0x20, standard = 0x21, silent = 0x22, heavily soiled clothes = 0x23, hard-to-remove stains = 0x24, presoaking = 0x25, blankets = 0x26, soft = 0x27, dry = 0x28, clean rinsing = 0x29, disinfection = 0x2D, oil stains = 0x2E, memory = 0x2F, detergent saving = 0x30, lightly soiled clothes = 0x31, quick wash of small amount of laundry = 0x32, tank cleaning = 0x3F Maker original cource = 0xE0 to 0xEF<br><br>Name : Washer and dryer cycle setting 2 (Note 1)<br>EPC : 0xD1<br>Data Type : unsign ed char<br>Data Size(Byte) : 1 byte<br><br>AccessRule<br>Announce : undefined<br>Set : optional<br>Get : optional<br>"},
		{"name":"DryingCycleSettingNote1","epc":"0xD2","size":"1","announce":"undefined","set":"optional","get":"optional","doc":"Used to specify the drying cycle option(s) to use, and to acquire the current setting. For the  gwashing and drying h mode, the  gwasher and dryer cycle setting 2 h property (EPC = 0xD1) shall be used. Maker original code = 0xE0 to 0xEF<br><br>No drying = 0xA0, standard = 0xA1, blankets = 0xA2, soft = 0xA3, dry = 0xA4, ironing/business shirts = 0xA5, hang drying = 0xA6, thick clothes = 0xA7, disinfection = 0xA8, shrinkage minimization = 0xA9, finishing = 0xAA, stationary drying = 0xAB, user definition of drying time = 0xAC, garment warming = 0xAD, heater current limit = 0xAE, tank drying = 0xBF Maker original cource = 0xE0 to 0xEF<br><br>Name : Drying cycle setting (Note1)<br>EPC : 0xD2<br>Data Type : unsign ed char<br>Data Size(Byte) : 1 byte<br><br>AccessRule<br>Announce : undefined<br>Set : optional<br>Get : optional<br>"},
		{"name":"WasherAndDryerCycleOptionList1","epc":"0xD3","size":"12","announce":"undefined","set":"undefined","get":"optional","doc":"Used to acquire a bitmap list of the washer and dryer cycle options that can be specified with the  gwasher and dryer cycle setting 1 h property.<br><br>When the value contained in the bit for the desired washer and dryer cycle option is  g1 h, the option can be specified. When the value contained in the bit for the desired washer and dryer cycle option is  g0 h, the option cannot be specified. For the requirement as to which bit must be used for which option, refer to the detailed explanation.<br><br>Name : Washer and dryer cycle option list 1<br>EPC : 0xD3<br>Data Type : unsign ed char  ~12,<br>Data Size(Byte) : 12 byte<br><br>AccessRule<br>Announce : undefined<br>Set : undefined<br>Get : optional<br>"},
		{"name":"WasherAndDryerCycleOptionList2","epc":"0xD4","size":"4","announce":"undefined","set":"undefined","get":"optional","doc":"Used to acquire a bitmap list of the washer and dryer cycle options that can be specified with the  gwasher and dryer cycle setting 2 h property.<br><br>When the value contained in the bit for the desired washer and dryer cycle option is  g1 h, the option can be specified. When the value contained in the bit for the desired washer and dryer cycle option is  g0 h, the option cannot be specified. For the requirement as to which bit must be used for which option, refer to the detailed explanation.<br><br>Name : Washer and dryer cycle option list 2<br>EPC : 0xD4<br>Data Type : unsign ed char  ~4,<br>Data Size(Byte) : 4 byte<br><br>AccessRule<br>Announce : undefined<br>Set : undefined<br>Get : optional<br>"},
		{"name":"WasherAndDryerCycleOptionList3","epc":"0xD5","size":"4","announce":"undefined","set":"undefined","get":"optional","doc":"Used to acquire a bitmap list of the drying cycle options that can be specified with the  gdrying cycle setting h property.<br><br>When the value contained in the bit for the desired drying cycle option is  g1 h, the option can be specified. When the value contained in the bit for the desired drying cycle option is  g0 h, the option cannot be specified. For the requirement as to which bit must be used for which option, refer to the detailed explanation.<br><br>Name : Washer and dryer cycle option list 3<br>EPC : 0xD5<br>Data Type : unsign ed char  ~4,<br>Data Size(Byte) : 4 byte<br><br>AccessRule<br>Announce : undefined<br>Set : undefined<br>Get : optional<br>"},
		{"name":"WaterFlowRateSetting","epc":"0xD6","size":"1","announce":"undefined","set":"optional","get":"optional","doc":"Used to specify the water flow rate by selecting a level from among the predefined levels and to acquire the current setting.<br><br><Absolute setting> 0x31 to 0x40 (16 levels) * 0x31 and 0x40 shall be used for the lowest and highest flow rates, respectively. <Relative setting relative to the automatic setting> - Automatic setting 0xFF - Relative setting in the positive direction 0xA0 to 0xA7: Levels 1 to 8 - Relative setting in the negative direction 0xC0 to 0xC7: Levels 1 to 8<br><br>Name : Water flow rate setting<br>EPC : 0xD6<br>Data Type : unsign ed char<br>Data Size(Byte) : 1 byte<br><br>AccessRule<br>Announce : undefined<br>Set : optional<br>Get : optional<br>"},
		{"name":"GrotationSpeedForSpinDryingHSetting","epc":"0xD7","size":"2","announce":"undefined","set":"optional","get":"optional","doc":"Used to specify the rotation speed for spin drying in r/min. and to acquire the current setting.<br><br><Absolute setting> - 0x0000 to 0x0FFF (0 to 4095 r/min.) <Relative setting relative to the automatic setting> - Automatic setting 0xFFFF - Relative setting in the positive direction 0xA000 to 0xA7FF (1 to 2048 r/min.) - Relative setting in the negative direction 0xC000 to 0xC7FF (1 to 2048r/min.)<br><br>Name :  gRotation speed for spin drying h setting<br>EPC : 0xD7<br>Data Type : unsign ed short<br>Data Size(Byte) : 2 byte<br><br>AccessRule<br>Announce : undefined<br>Set : optional<br>Get : optional<br>"},
		{"name":"GdegreeOfDryingHSetting","epc":"0xD8","size":"1","announce":"undefined","set":"optional","get":"optional","doc":"Used to specify the degree of drying to achieve by selecting a level from among the 16 predefined levels and to acquire the current setting.<br><br><Absolute setting> - 0x31 to 0x40 (16 levels) * 0x31 and 0x40 shall be used for the lowest and highest levels, respectively. <Relative setting relative to the automatic setting> - Automatic setting 0xFF - Relative setting in the positive direction 0xA0 to 0xA7: Levels 1 to 8 - Relative setting in the negative direction 0xC0 to 0xC7: Levels 1 to 8<br><br>Name :  gDegree of drying h setting<br>EPC : 0xD8<br>Data Type : unsign ed char<br>Data Size(Byte) : 1 byte<br><br>AccessRule<br>Announce : undefined<br>Set : optional<br>Get : optional<br>"},
		{"name":"RemainingWashingTime","epc":"0xDB","size":"2","announce":"undefined","set":"undefined","get":"optional","doc":"Acquires the remaining washing time in .the . gHH:MM h .format.<br><br>0-0xFE F0-0x3B (=0-254) hours F(=0-59) minutes Remaining time unknown=0xFF F 0xFF<br><br>Name : Remaining washing time<br>EPC : 0xDB<br>Data Type : unsigne d char  ~2<br>Data Size(Byte) : 2 byte<br><br>AccessRule<br>Announce : undefined<br>Set : undefined<br>Get : optional<br>"},
		{"name":"RemainingDryingTime","epc":"0xDC","size":"2","announce":"undefined","set":"undefined","get":"optional","doc":"Acquires the remaining drying time .in .the . gHH:MM h .format.<br><br>0-0xFE F0-0x3B (=0-254) hours F(=0-59) minutes Remaining time unknown=0xFF F0xFF<br><br>Name : Remaining drying time<br>EPC : 0xDC<br>Data Type : unsign ed<br>Data Size(Byte) : 2 byte<br><br>AccessRule<br>Announce : undefined<br>Set : undefined<br>Get : optional<br>"},
		{"name":"ElapsedTimeOnTheOnTimer","epc":"0xDF","size":"2","announce":"undefined","set":"undefined","get":"optional","doc":"Used to acquire the time elapsed on the ON timer after the ON timer was activated.<br><br>0 to 0xFF: 0 to 0x3B (= 0 to 255): (= 0 to 59)<br><br>Name : Elapsed time on the ON timer<br>EPC : 0xDF<br>Data Type : unsigne d char  ~2<br>Data Size(Byte) : 2 byte<br><br>AccessRule<br>Announce : undefined<br>Set : undefined<br>Get : optional<br>"},
		{"name":"PresoakingTimeSetting","epc":"0xE1","size":"2","announce":"undefined","set":"optional","get":"optional","doc":"Used to specify the duration of the presoaking process and to acquire the current setting.<br><br><Absolute setting> - 0x00 to 0x17: 0x00 to 0x3B (= 0 to 23 hours): (= 0 to 59 minutes) <Relative setting relative to the automatic setting> - Automatic setting 0xFF: 0xFF - Relative setting in the positive direction 0xA000 to 0xA03B: 1 to 60 minutes - Relative setting in the negative direction 0xC000 to 0xC03B: 1 to 60 minutes<br><br>Name : Presoaking time setting<br>EPC : 0xE1<br>Data Type : unsigne d char  ~2<br>Data Size(Byte) : 2 byte<br><br>AccessRule<br>Announce : undefined<br>Set : optional<br>Get : optional<br>"},
		{"name":"CurrentStageOfWasherAndDryerCycle","epc":"0xE2","size":"1","announce":"undefined","set":"undefined","get":"optional","doc":"Used to acquire the current stage of the washer and dryer cycle.<br><br>Washing = 0x41 Rinsing = 0x42 Spin drying = 0x43 Suspended = 0x44 Washing completed = 0x45 Washing/drying (without wrinkling minimization) completed = 0x51 Drying = 0x52 Wrinkling minimization = 0x53 Drying (with wrinkling minimization) completed = 0x54 Standing by to start = 0x61 1st rinsing = 0x71 2nd rinsing = 0x72 3rd rinsing = 0x73 4th rinsing = 0x74 5th rinsing = 0x75 6th rinsing = 0x76 7th rinsing = 0x77 8th rinsing = 0x78 1st spin drying = 0x81 2nd spin drying = 0x82 3rd spin drying = 0x83 4th spin drying = 0x84 5th spin drying = 0x85 6th spin drying = 0x86 7th spin drying = 0x87 8th spin drying = 0x88 Preheat spin drying = 0x91 Unique code defined by the manufature = 0xE0 to 0xEF<br><br>Name : Current stage of washer and dryer cycle<br>EPC : 0xE2<br>Data Type : unsigned char<br>Data Size(Byte) : 1 byte<br><br>AccessRule<br>Announce : undefined<br>Set : undefined<br>Get : optional<br>"},
		{"name":"WaterVolumeSetting1","epc":"0xE3","size":"1","announce":"undefined","set":"optional","get":"optional","doc":"Used to specify the water volume in liters and to acquire the current setting.<br><br><Absolute setting> - 0x00 to 0x7F (0 to 127 liters) < Relative setting relative to the automatic setting > - Automatic setting 0xFF - Relative setting in the positive direction 0xA0 to 0xBF: 1 to 32 liters - Relative setting in the negative direction 0xC0 to 0xDF (1 to 32 liters)<br><br>Name : Water volume setting 1<br>EPC : 0xE3<br>Data Type : unsigned char<br>Data Size(Byte) : 1 byte<br><br>AccessRule<br>Announce : undefined<br>Set : optional<br>Get : optional<br>"},
		{"name":"WaterVolumeSetting2","epc":"0xE4","size":"1","announce":"undefined","set":"optional","get":"optional","doc":"Used to specify the water volume by selecting a level from among the predefined levels and to acquire the current setting.<br><br><Absolute setting> - 0x31 to 0x40 (16 levels) - 0x31 and 0x40 shall be used for the lowest and highest water levels, respectively. < Relative setting relative to the automatic setting > - Automatic setting 0xFF - Relative setting in the positive direction 0xA0 to 0xA7: Levels 1 to 8 - Relative setting in the negative direction 0xC0 to 0xC7: Levels 1 to 8<br><br>Name : Water volume setting 2<br>EPC : 0xE4<br>Data Type : unsigned char<br>Data Size(Byte) : 1 byte<br><br>AccessRule<br>Announce : undefined<br>Set : optional<br>Get : optional<br>"},
		{"name":"WashingTimeSetting","epc":"0xE5","size":"2","announce":"undefined","set":"optional","get":"optional","doc":"Used to specify the duration of the washing process and to acquire the current setting.<br><br><Absolute setting> - 0x00 to 0x17: 0x00 to 0x3B (= 0 to 23 hours): (= 0 to 59 minutes) < Relative setting relative to the automatic setting > - Automatic setting 0xFF - Relative setting in the positive direction 0xA000 to 0xA03B: 1 to 60 minutes Relative setting in the negative direction - 0xC000 to 0xC03B: 1 to 60 minutes<br><br>Name : Washing time setting<br>EPC : 0xE5<br>Data Type : unsigned char  ~2<br>Data Size(Byte) : 2 byte<br><br>AccessRule<br>Announce : undefined<br>Set : optional<br>Get : optional<br>"},
		{"name":"GnumberOfTimesOfRinsingHSetting","epc":"0xE6","size":"1","announce":"undefined","set":"optional","get":"optional","doc":"Used to specify the number of times of rinsing and to acquire the current setting.<br><br>0 to 8 times (0x00 to 0x08) Automatic = 0xFF<br><br>Name :  gNumber of times of rinsing h setting<br>EPC : 0xE6<br>Data Type : unsigned char<br>Data Size(Byte) : 1 byte<br><br>AccessRule<br>Announce : undefined<br>Set : optional<br>Get : optional<br>"},
		{"name":"RinsingProcessSetting","epc":"0xE7","size":"4","announce":"undefined","set":"optional","get":"optional","doc":"Used to specify the rinsing process(es) to use by means of a bitmap, and to acquire the current setting. Four bits are used to represent each rinsing process as follows: Bits 0 through bit 3: 1st rinsing Bits 4 through bit 7: 2nd rinsing Bits 8 through bit 11: 3rd rinsing Bits 12 through bit 15: 4th rinsing Bits 16 through bit 19: 5th rinsing Bits 20 through bit 23: 6th rinsing Bits 24 through bit 27: 7th rinsing Bits 28 through bit 31: 8th rinsing<br><br>0000: Automatic mode 0001: Rinsing without additional feeding of water from the tap 0010: Rinsing with additional feeding of water from the tap 0011: Shower rinsing<br><br>Name : Rinsing process setting<br>EPC : 0xE7<br>Data Type : unsigned char  ~4<br>Data Size(Byte) : 4 byte<br><br>AccessRule<br>Announce : undefined<br>Set : optional<br>Get : optional<br>"},
		{"name":"SpinDryingTimeSetting","epc":"0xE8","size":"1","announce":"undefined","set":"optional","get":"optional","doc":"Used to specify the duration of the spin drying process in minutes and to acquire the current setting.<br><br><Absolute setting> - 0x00 to 0x3B (0 to 59 minutes) < Relative setting relative to the automatic setting > - Automatic setting 0xFF - Relative setting in the positive direction 0xA0 to 0xBF: 1 to 32 minutes - Relative setting in the negative direction 0xC0 to 0xDF: 1 to 32 minute<br><br>Name : Spin drying time setting<br>EPC : 0xE8<br>Data Type : unsigned char<br>Data Size(Byte) : 1 byte<br><br>AccessRule<br>Announce : undefined<br>Set : optional<br>Get : optional<br>"},
		{"name":"DryingTimeSetting","epc":"0xE9","size":"2","announce":"undefined","set":"optional","get":"optional","doc":"Used to specify the duration of the drying process and to acquire the current setting.<br><br><Absolute setting> - 0x00 to 0x17: 0x00 to 0x3B (= 0 to 23 hours): (= 0 to 59 minutes) < Relative setting relative to the automatic setting > - Automatic setting 0xFF: 0xFF - Relative setting in the positive direction 0xA000 to 0xA03B: 1 to 60 minutes - Relative setting in the negative direction 0xC000 to 0xC03B: 1 to 60 minutes<br><br>Name : Drying time setting<br>EPC : 0xE9<br>Data Type : unsigned char  ~2<br>Data Size(Byte) : 2 byte<br><br>AccessRule<br>Announce : undefined<br>Set : optional<br>Get : optional<br>"},
		{"name":"WarmWaterSetting","epc":"0xEA","size":"1","announce":"undefined","set":"optional","get":"optional","doc":"Used to specify the temperature of laundry water in   and to acquire the current setting.<br><br>0 to 100  C (0x00 to 0x64) Not to use warm water = 0xFE Automatic water temperature setting = 0xFF<br><br>Name : Warm water setting<br>EPC : 0xEA<br>Data Type : unsigned char<br>Data Size(Byte) : 1 byte<br><br>AccessRule<br>Announce : undefined<br>Set : optional<br>Get : optional<br>"},
		{"name":"BathtubWaterRecycleSetting","epc":"0xEB","size":"1","announce":"undefined","set":"optional","get":"optional","doc":"Used to specify whether or not, and when, to recycle used bathtub water, and acquire the current setting.<br><br>Bathtub water not used   : 0x40 Washing only                      : 0x41 Rinsing only (excluding the final rinsing)                               : 0x42 All rinsing processes        : 0x43 Washing + rinsing (excluding the final rinsing)                       : 0x44 Washing + all rinsing processes                            : 0x45<br><br>Name : Bathtub water recycle setting<br>EPC : 0xEB<br>Data Type : unsigned char<br>Data Size(Byte) : 1 byte<br><br>AccessRule<br>Announce : undefined<br>Set : optional<br>Get : optional<br>"},
		{"name":"WrinklingMinimizationSetting","epc":"0xEC","size":"1","announce":"undefined","set":"optional","get":"optional","doc":"Used to specify whether or not to use the wrinkling minimization function, and to acquire the current setting.<br><br>Wrinkling minimization function ON                  : 0x41 Wrinkling minimization function OFF                : 0x42<br><br>Name : Wrinkling minimization setting<br>EPC : 0xEC<br>Data Type : unsigned char<br>Data Size(Byte) : 1 byte<br><br>AccessRule<br>Announce : undefined<br>Set : optional<br>Get : optional<br>"},
		{"name":"TimeRemainingToCompleteWasherAndDryerCycle","epc":"0xED","size":"2","announce":"undefined","set":"undefined","get":"optional","doc":"Used to acquire the time remaining to complete the current washer and dryer .cycle .in .the . gHH: .MM h .format.<br><br>0 to 0xFE: 0 to 0x3B (= 0 to 254 hours): (= 0 to 59 minutes) Remaining time unknown = 0xFF: 0xFF<br><br>Name : Time remaining to complete washer and dryer cycle<br>EPC : 0xED<br>Data Type : unsigned char  ~2<br>Data Size(Byte) : 2 byte<br><br>AccessRule<br>Announce : undefined<br>Set : undefined<br>Get : optional<br>"},
		{"name":"DoorCoverLockSetting","epc":"0xEE","size":"1","announce":"undefined","set":"optional","get":"optional","doc":"Used to specify the state of the door/cover lock during operation and to acquire the current setting.<br><br>Locked: 0x41 Unlocked: 0x42<br><br>Name : Door/cover lock    setting<br>EPC : 0xEE<br>Data Type : unsigned char<br>Data Size(Byte) : 1 byte<br><br>AccessRule<br>Announce : undefined<br>Set : optional<br>Get : optional<br>"},
		{"name":"WasherAndDryerCycle","epc":"0xEF","size":"24","announce":"undefined","set":"undefined","get":"optional","doc":"Used to acquire the current washer and dryer cycle setting.<br><br>Bytes 1 and 2: This property indicates the available items in a bitmap format. Byte 3: Presoaking With presoaking: 0x41 Without presoaking: 0x42 Bytes 4 and 5: Washing time The value of the  gwashing time setting h property shall be referenced. Byte 6: Number of times of rinsing The value of the  g fnumber of times of rinsing f setting h property shall be referenced. Bytes 7 through 10: Rinsing process The value of the  grinsing process setting h property shall be referenced. Byte 11: Spin drying time The value of the  gspin drying time setting h property shall be referenced. Bytes 12 and 13: Drying time The value of the  hdrying time setting h property shall be referenced. Byte 14: Warm water setting The value of the  gwarm water setting h property shall be referenced. Byte 15: Water volume setting 1 The value of the  gwater volume setting 1 h property shall be referenced. Byte 16: Water volume setting 2 The value of the  gwater volume setting 2 h property shall be referenced. Byte 17: Bathtub water recycle setting The value of the  gbathtub water recycle setting h property shall be referenced. Byte 18: Water flow rate setting The value of the  gwater flow rate setting h property shall be referenced. Bytes 19 and 20:  gRotation speed for spin drying h setting The value of the  g frotation speed for spin drying f setting h property shall be referenced. Byte 21:  gDegree of drying h setting The value of the  g fdegree of drying f setting h property shall be referenced. Bytes 22 and 23: Presoaking time setting The value of the  gpresoaking time setting h property shall be referenced. Byte 24: Wrinkling minimization setting The value of the  gwrinkling minimization setting h property shall be referenced.<br><br>Name : Washer and dryer cycle<br>EPC : 0xEF<br>Data Type : unsigned Char  ~24<br>Data Size(Byte) : 24 byte<br><br>AccessRule<br>Announce : undefined<br>Set : undefined<br>Get : optional<br>"},
		{"name":"OnTimerReservationSetting","epc":"0x90","size":"1","announce":"undefined","set":"optional","get":"optional","doc":"Used to specify whether or not to use the ON timer-based reservation function, and to acquire the current setting.<br><br>Reservation ON = 0x41, reservation OFF = 0x42<br><br>Name : ON timer reservation setting<br>EPC : 0x90<br>Data Type : unsigned char<br>Data Size(Byte) : 1 byte<br><br>AccessRule<br>Announce : undefined<br>Set : optional<br>Get : optional<br>"},
		{"name":"OnTimerSetting","epc":"0x91","size":"2","announce":"undefined","set":"optional","get":"optional","doc":"Used to specify the time for the time-based reservation function of the ON timer and to acquire the current setting.<br><br>0 to 0x17: 0 to 0x3B (= 0 to 23): (= 0 to 59)<br><br>Name : ON timer setting<br>EPC : 0x91<br>Data Type : unsigned char  ~2<br>Data Size(Byte) : 2 byte<br><br>AccessRule<br>Announce : undefined<br>Set : optional<br>Get : optional<br>"},
		{"name":"RelativeTimeBasedOnTimerSetting","epc":"0x92","size":"2","announce":"undefined","set":"optional","get":"optional","doc":"Used to specify the relative time for the relative time-based reservation function of the ON timer and to acquire the time remaining for the current reservation.<br><br>0 to 0xFF: 0 to 0x3B (= 0 to 255): (= 0 to 59)<br><br>Name : Relative time-based ON timer setting<br>EPC : 0x92<br>Data Type : unsigned char  ~2<br>Data Size(Byte) : 2 byte<br><br>AccessRule<br>Announce : undefined<br>Set : optional<br>Get : optional<br>"}
	]
}