{"data":[{"protocol":"ECHONET Lite","deviceType":"0x002A","deviceName":"ActivityAmountSensor"}
,{"protocol":"ECHONET Lite","deviceType":"0x0135","deviceName":"AirCleaner"}
,{"protocol":"ECHONET Lite","deviceType":"0x0134","deviceName":"AirConditionerVentilationFan"}
,{"protocol":"ECHONET Lite","deviceType":"0x000B","deviceName":"AirPollutionSensor"}
,{"protocol":"ECHONET Lite","deviceType":"0x001F","deviceName":"AirSpeedSensor"}
,{"protocol":"ECHONET Lite","deviceType":"0x0016","deviceName":"BathHeatingStatusSensor"}
,{"protocol":"ECHONET Lite","deviceType":"0x0273","deviceName":"BathroomHeaterAndDryer"}
,{"protocol":"ECHONET Lite","deviceType":"0x0015","deviceName":"BathWaterLevelSensor"}
,{"protocol":"ECHONET Lite","deviceType":"0x027D","deviceName":"Battery"}
,{"protocol":"ECHONET Lite","deviceType":"0x0028","deviceName":"BedPresenceSensor"}
,{"protocol":"ECHONET Lite","deviceType":"0x02A0","deviceName":"Buzzer"}
,{"protocol":"ECHONET Lite","deviceType":"0x0009","deviceName":"CallSensor"}
,{"protocol":"ECHONET Lite","deviceType":"0x001A","deviceName":"CigaretteSmokeSensor"}
,{"protocol":"ECHONET Lite","deviceType":"0x03C6","deviceName":"ClothesDryer"}
,{"protocol":"ECHONET Lite","deviceType":"0x001B","deviceName":"CO2Sensor"}
,{"protocol":"ECHONET Lite","deviceType":"0x027A","deviceName":"ColdOrHotWaterHeatSourceEquipment"}
,{"protocol":"ECHONET Lite","deviceType":"0x03B8","deviceName":"CombinationMicrowaveOven"}
,{"protocol":"ECHONET Lite","deviceType":"0x000A","deviceName":"CondensationSensor"}
,{"protocol":"ECHONET Lite","deviceType":"0x05FF","deviceName":"Controller"}
,{"protocol":"ECHONET Lite","deviceType":"0x03B9","deviceName":"CookingHeater"}
,{"protocol":"ECHONET Lite","deviceType":"0x0002","deviceName":"CrimePreventionSensor"}
,{"protocol":"ECHONET Lite","deviceType":"0x0023","deviceName":"CurrentValueSensor"}
,{"protocol":"ECHONET Lite","deviceType":"0x001E","deviceName":"DifferentialPressureSensor"}
,{"protocol":"ECHONET Lite","deviceType":"0x0601","deviceName":"Display"}
,{"protocol":"ECHONET Lite","deviceType":"0x0005","deviceName":"EarthquakeSensor"}
,{"protocol":"ECHONET Lite","deviceType":"0x0260","deviceName":"ElectricallyOperatedShade"}
,{"protocol":"ECHONET Lite","deviceType":"0x0022","deviceName":"ElectricEnergySensor"}
,{"protocol":"ECHONET Lite","deviceType":"0x0142","deviceName":"ElectricHeater"}
,{"protocol":"ECHONET Lite","deviceType":"0x03B2","deviceName":"ElectricHotWaterPot"}
,{"protocol":"ECHONET Lite","deviceType":"0x0006","deviceName":"ElectricLeakSensor"}
,{"protocol":"ECHONET Lite","deviceType":"0x026F","deviceName":"ElectricLock"}
,{"protocol":"ECHONET Lite","deviceType":"0x0261","deviceName":"ElectricShutter"}
,{"protocol":"ECHONET Lite","deviceType":"0x0262","deviceName":"ElectricallyOperatedCurtain"}
,{"protocol":"ECHONET Lite","deviceType":"0x0263","deviceName":"ElectricStormWindow"}
,{"protocol":"ECHONET Lite","deviceType":"0x026E","deviceName":"ElectricToiletSeat"}
,{"protocol":"ECHONET Lite","deviceType":"0x026B","deviceName":"ElectricWaterHeater"}
,{"protocol":"ECHONET Lite","deviceType":"0x0003","deviceName":"EmergencyButton"}
,{"protocol":"ECHONET Lite","deviceType":"0x0143","deviceName":"FanHeater"}
,{"protocol":"ECHONET Lite","deviceType":"0x0019","deviceName":"FireSensor"}
,{"protocol":"ECHONET Lite","deviceType":"0x0004","deviceName":"FirstAidSensor"}
,{"protocol":"ECHONET Lite","deviceType":"0x0021","deviceName":"FlameSensor"}
,{"protocol":"ECHONET Lite","deviceType":"0x027B","deviceName":"FloorHeater"}
,{"protocol":"ECHONET Lite","deviceType":"0x027C","deviceName":"FuelCell"}
,{"protocol":"ECHONET Lite","deviceType":"0x0001","deviceName":"GasLeakSensor"}
,{"protocol":"ECHONET Lite","deviceType":"0x0282","deviceName":"GasMeter"}
,{"protocol":"ECHONET Lite","deviceType":"0x001C","deviceName":"GasSensor"}
,{"protocol":"ECHONET Lite","deviceType":"0x0290","deviceName":"GeneralLighting"}
,{"protocol":"ECHONET Lite","deviceType":"0x0130","deviceName":"HomeAirConditioner"}
,{"protocol":"ECHONET Lite","deviceType":"0x0279","deviceName":"HouseholdSolarPowerGeneration"}
,{"protocol":"ECHONET Lite","deviceType":"0x002B","deviceName":"HumanBodyLocationSensor"}
,{"protocol":"ECHONET Lite","deviceType":"0x0007","deviceName":"HumanDetectionSensor"}
,{"protocol":"ECHONET Lite","deviceType":"0x0139","deviceName":"Humidifier"}
,{"protocol":"ECHONET Lite","deviceType":"0x0012","deviceName":"HumiditySensor"}
,{"protocol":"ECHONET Lite","deviceType":"0x000D","deviceName":"IlluminanceSensor"}
,{"protocol":"ECHONET Lite","deviceType":"0x0272","deviceName":"InstantaneousWaterHeater"}
,{"protocol":"ECHONET Lite","deviceType":"0x0283","deviceName":"LPGasMeter"}
,{"protocol":"ECHONET Lite","deviceType":"0x000F","deviceName":"MailingSensor"}
,{"protocol":"ECHONET Lite","deviceType":"0x0026","deviceName":"MicromotionSensor"}
,{"protocol":"ECHONET Lite","deviceType":"0x0020","deviceName":"OdorSensor"}
,{"protocol":"ECHONET Lite","deviceType":"0x0029","deviceName":"OpenCloseSensor"}
,{"protocol":"ECHONET Lite","deviceType":"0x000C","deviceName":"OxygenSensor"}
,{"protocol":"ECHONET Lite","deviceType":"0x0145","deviceName":"PackageTypeCommercialAirConditionerIndoorUnit"}
,{"protocol":"ECHONET Lite","deviceType":"0x0146","deviceName":"PackageTypeCommercialAirConditionerOutdoorUnit"}
,{"protocol":"ECHONET Lite","deviceType":"0x0027","deviceName":"PassageSensor"}
,{"protocol":"ECHONET Lite","deviceType":"0x0287","deviceName":"PowerDistributionBoardMetering"}
,{"protocol":"ECHONET Lite","deviceType":"0x0013","deviceName":"RainSensor"}
,{"protocol":"ECHONET Lite","deviceType":"0x03B7","deviceName":"Refrigerator"}
,{"protocol":"ECHONET Lite","deviceType":"0x03BB","deviceName":"RiceCooker"}
,{"protocol":"ECHONET Lite","deviceType":"0x0288","deviceName":"SmartElectricEnergyMeter"}
,{"protocol":"ECHONET Lite","deviceType":"0x0289","deviceName":"SmartGasMeter"}
,{"protocol":"ECHONET Lite","deviceType":"0x002C","deviceName":"SnowSensor"}
,{"protocol":"ECHONET Lite","deviceType":"0x000E","deviceName":"SoundSensor"}
,{"protocol":"ECHONET Lite","deviceType":"0x0267","deviceName":"Sprinkler"}
,{"protocol":"ECHONET Lite","deviceType":"0x05FD","deviceName":"Switch"}
,{"protocol":"ECHONET Lite","deviceType":"0x0602","deviceName":"Television"}
,{"protocol":"ECHONET Lite","deviceType":"0x0011","deviceName":"TemperatureSensor"}
,{"protocol":"ECHONET Lite","deviceType":"0x0133","deviceName":"VentilationFan"}
,{"protocol":"ECHONET Lite","deviceType":"0x0008","deviceName":"VisitorSensor"}
,{"protocol":"ECHONET Lite","deviceType":"0x001D","deviceName":"VOCSensor"}
,{"protocol":"ECHONET Lite","deviceType":"0x03D3","deviceName":"WasherAndDryer"}
,{"protocol":"ECHONET Lite","deviceType":"0x03C5","deviceName":"WashingMachine"}
,{"protocol":"ECHONET Lite","deviceType":"0x0281","deviceName":"WaterFlowmeter"}
,{"protocol":"ECHONET Lite","deviceType":"0x0025","deviceName":"WaterFlowRateSensor"}
,{"protocol":"ECHONET Lite","deviceType":"0x0017","deviceName":"WaterLeakSensor"}
,{"protocol":"ECHONET Lite","deviceType":"0x0014","deviceName":"WaterLevelSensor"}
,{"protocol":"ECHONET Lite","deviceType":"0x0018","deviceName":"WaterOverflowSensor"}
,{"protocol":"ECHONET Lite","deviceType":"0x0280","deviceName":"WattHourMeter"}
,{"protocol":"ECHONET Lite","deviceType":"0x0401","deviceName":"Weighing"}
,{"protocol":"ECHONET Lite","deviceType":"0x0010","deviceName":"WeightSensor"}]}